{"train acc": 0.5675, "train loss": 1.7514948844909668, "test_loss": 1.7709405422210693, "test_acc": 0.513986013986014, "_timestamp": 1708689951.0145304, "_runtime": 4264.548988342285, "_step": 199, "_wandb": {"runtime": 4264}}