{"data_time": 0.004816273500182433, "eta_seconds": 50.49190733996511, "fast_rcnn/cls_accuracy": 0.923828125, "fast_rcnn/false_negative": 0.09375, "fast_rcnn/fg_cls_accuracy": 0.90625, "iteration": 19, "loss_box_reg": 0.30364102125167847, "loss_cls": 0.1789970099925995, "loss_mask": 0.2166522517800331, "loss_rpn_cls": 0.05493583157658577, "loss_rpn_loc": 0.022088886238634586, "lr": 1.60675e-05, "mask_rcnn/accuracy": 0.9063695790816326, "mask_rcnn/false_negative": 0.06516383607634635, "mask_rcnn/false_positive": 0.13312875973212365, "rank_data_time": 0.004816273500182433, "roi_head/num_bg_samples": 96.0, "roi_head/num_fg_samples": 32.0, "rpn/num_neg_anchors": 231.5, "rpn/num_pos_anchors": 24.5, "time": 0.1803282404998754, "total_loss": 0.8010248225182295}
{"data_time": 0.004611647500041727, "eta_seconds": 46.54821886000718, "fast_rcnn/cls_accuracy": 0.923828125, "fast_rcnn/false_negative": 0.09035326086956522, "fast_rcnn/fg_cls_accuracy": 0.90625, "iteration": 39, "loss_box_reg": 0.24622591584920883, "loss_cls": 0.20612337440252304, "loss_mask": 0.2034493237733841, "loss_rpn_cls": 0.06972560286521912, "loss_rpn_loc": 0.018849706277251244, "lr": 3.2717500000000007e-05, "mask_rcnn/accuracy": 0.9085837364671479, "mask_rcnn/false_negative": 0.05965274765262462, "mask_rcnn/false_positive": 0.12387048807840381, "rank_data_time": 0.004611647500041727, "roi_head/num_bg_samples": 96.0, "roi_head/num_fg_samples": 32.0, "rpn/num_neg_anchors": 232.0, "rpn/num_pos_anchors": 24.0, "time": 0.17684045949999927, "total_loss": 0.7423817301169038}
{"data_time": 0.004303461999825231, "eta_seconds": 42.042462839926884, "fast_rcnn/cls_accuracy": 0.921875, "fast_rcnn/false_negative": 0.08997844827586207, "fast_rcnn/fg_cls_accuracy": 0.90625, "iteration": 59, "loss_box_reg": 0.252647764980793, "loss_cls": 0.19052616506814957, "loss_mask": 0.20741981267929077, "loss_rpn_cls": 0.05392123945057392, "loss_rpn_loc": 0.02167355827987194, "lr": 4.93675e-05, "mask_rcnn/accuracy": 0.9112046973961998, "mask_rcnn/false_negative": 0.059325717981028536, "mask_rcnn/false_positive": 0.13946858816356283, "rank_data_time": 0.004303461999825231, "roi_head/num_bg_samples": 96.0, "roi_head/num_fg_samples": 32.0, "rpn/num_neg_anchors": 228.25, "rpn/num_pos_anchors": 27.75, "time": 0.1722437080002237, "total_loss": 0.7330412194132805}
{"data_time": 0.004493111000101635, "eta_seconds": 38.30595637006809, "fast_rcnn/cls_accuracy": 0.93359375, "fast_rcnn/false_negative": 0.1213235294117647, "fast_rcnn/fg_cls_accuracy": 0.8786764705882353, "iteration": 79, "loss_box_reg": 0.2530473619699478, "loss_cls": 0.1785717010498047, "loss_mask": 0.19990148395299911, "loss_rpn_cls": 0.05376267619431019, "loss_rpn_loc": 0.026244772598147392, "lr": 6.60175e-05, "mask_rcnn/accuracy": 0.9129640137304922, "mask_rcnn/false_negative": 0.06690334548298749, "mask_rcnn/false_positive": 0.11020734646932162, "rank_data_time": 0.004493111000101635, "roi_head/num_bg_samples": 96.0, "roi_head/num_fg_samples": 32.0, "rpn/num_neg_anchors": 228.75, "rpn/num_pos_anchors": 27.25, "time": 0.17057234450021497, "total_loss": 0.781731687951833}
{"data_time": 0.00456746550025855, "eta_seconds": 34.29591659996731, "fast_rcnn/cls_accuracy": 0.927734375, "fast_rcnn/false_negative": 0.1328125, "fast_rcnn/fg_cls_accuracy": 0.8671875, "iteration": 99, "loss_box_reg": 0.2536243125796318, "loss_cls": 0.1824738085269928, "loss_mask": 0.18801702558994293, "loss_rpn_cls": 0.052479976788163185, "loss_rpn_loc": 0.031427787616848946, "lr": 8.266750000000001e-05, "mask_rcnn/accuracy": 0.9182079081632653, "mask_rcnn/false_negative": 0.05496293645022496, "mask_rcnn/false_positive": 0.1085289610291743, "rank_data_time": 0.00456746550025855, "roi_head/num_bg_samples": 96.0, "roi_head/num_fg_samples": 32.0, "rpn/num_neg_anchors": 222.0, "rpn/num_pos_anchors": 34.0, "time": 0.16578995899999427, "total_loss": 0.7387966765090823}
{"data_time": 0.004487384999720234, "eta_seconds": 30.615309630138654, "fast_rcnn/cls_accuracy": 0.9375, "fast_rcnn/false_negative": 0.140625, "fast_rcnn/fg_cls_accuracy": 0.859375, "iteration": 119, "loss_box_reg": 0.2662776857614517, "loss_cls": 0.18866976350545883, "loss_mask": 0.20709937810897827, "loss_rpn_cls": 0.04267018474638462, "loss_rpn_loc": 0.02804587408900261, "lr": 9.93175e-05, "mask_rcnn/accuracy": 0.9125279017857142, "mask_rcnn/false_negative": 0.05895342432302177, "mask_rcnn/false_positive": 0.1259058113609003, "rank_data_time": 0.004487384999720234, "roi_head/num_bg_samples": 96.0, "roi_head/num_fg_samples": 32.0, "rpn/num_neg_anchors": 226.5, "rpn/num_pos_anchors": 29.5, "time": 0.16631706799989843, "total_loss": 0.7238389868289232}
{"data_time": 0.004372311499992065, "eta_seconds": 27.0207149599446, "fast_rcnn/cls_accuracy": 0.94140625, "fast_rcnn/false_negative": 0.1171875, "fast_rcnn/fg_cls_accuracy": 0.8828125, "iteration": 139, "loss_box_reg": 0.24710917472839355, "loss_cls": 0.14681432396173477, "loss_mask": 0.19803380966186523, "loss_rpn_cls": 0.02660802472382784, "loss_rpn_loc": 0.01892203837633133, "lr": 0.0001159675, "mask_rcnn/accuracy": 0.9170519770408163, "mask_rcnn/false_negative": 0.06612736700932129, "mask_rcnn/false_positive": 0.12470927584364563, "rank_data_time": 0.004372311499992065, "roi_head/num_bg_samples": 96.0, "roi_head/num_fg_samples": 32.0, "rpn/num_neg_anchors": 231.5, "rpn/num_pos_anchors": 24.5, "time": 0.1654742890000307, "total_loss": 0.6488316124305129}
{"data_time": 0.004473281999707979, "eta_seconds": 23.535536779963877, "fast_rcnn/cls_accuracy": 0.939453125, "fast_rcnn/false_negative": 0.13068181818181818, "fast_rcnn/fg_cls_accuracy": 0.8693181818181819, "iteration": 159, "loss_box_reg": 0.23362383246421814, "loss_cls": 0.1516730710864067, "loss_mask": 0.1953020542860031, "loss_rpn_cls": 0.03194157313555479, "loss_rpn_loc": 0.01686245296150446, "lr": 0.0001326175, "mask_rcnn/accuracy": 0.9161949936224489, "mask_rcnn/false_negative": 0.06244253889447572, "mask_rcnn/false_positive": 0.11164497619848165, "rank_data_time": 0.004473281999707979, "roi_head/num_bg_samples": 96.0, "roi_head/num_fg_samples": 32.0, "rpn/num_neg_anchors": 233.0, "rpn/num_pos_anchors": 23.0, "time": 0.16470004350003364, "total_loss": 0.6616916069760919}
{"data_time": 0.004529894500137743, "eta_seconds": 20.060247239998716, "fast_rcnn/cls_accuracy": 0.931640625, "fast_rcnn/false_negative": 0.14322916666666669, "fast_rcnn/fg_cls_accuracy": 0.8567708333333333, "iteration": 179, "loss_box_reg": 0.2704019248485565, "loss_cls": 0.1752685308456421, "loss_mask": 0.21738851815462112, "loss_rpn_cls": 0.0273205554112792, "loss_rpn_loc": 0.018330142833292484, "lr": 0.0001492675, "mask_rcnn/accuracy": 0.9147948344633906, "mask_rcnn/false_negative": 0.06431656922634547, "mask_rcnn/false_positive": 0.12344733304515604, "rank_data_time": 0.004529894500137743, "roi_head/num_bg_samples": 96.0, "roi_head/num_fg_samples": 32.0, "rpn/num_neg_anchors": 232.5, "rpn/num_pos_anchors": 23.5, "time": 0.1645687785003247, "total_loss": 0.704388240352273}
{"data_time": 0.004658030499740562, "eta_seconds": 16.66127914995741, "fast_rcnn/cls_accuracy": 0.927734375, "fast_rcnn/false_negative": 0.15085227272727272, "fast_rcnn/fg_cls_accuracy": 0.8491477272727272, "iteration": 199, "loss_box_reg": 0.301444947719574, "loss_cls": 0.18190407007932663, "loss_mask": 0.19637472927570343, "loss_rpn_cls": 0.03775073401629925, "loss_rpn_loc": 0.024424392729997635, "lr": 0.0001659175, "mask_rcnn/accuracy": 0.9146205357142857, "mask_rcnn/false_negative": 0.05648438613569759, "mask_rcnn/false_positive": 0.11639001690876566, "rank_data_time": 0.004658030499740562, "roi_head/num_bg_samples": 96.0, "roi_head/num_fg_samples": 32.0, "rpn/num_neg_anchors": 224.0, "rpn/num_pos_anchors": 32.0, "time": 0.16614631350012132, "total_loss": 0.7524379780516028}
{"data_time": 0.004362503500033199, "eta_seconds": 13.307106040010694, "fast_rcnn/cls_accuracy": 0.9453125, "fast_rcnn/false_negative": 0.14293981481481483, "fast_rcnn/fg_cls_accuracy": 0.8570601851851851,