{"data_time": 0.004003450500476902, "eta_seconds": 68.15052278006078, "fast_rcnn/cls_accuracy": 0.923828125, "fast_rcnn/false_negative": 0.0768308631211857, "fast_rcnn/fg_cls_accuracy": 0.9129478315524827, "iteration": 19, "loss_box_reg": 0.2018577978014946, "loss_cls": 0.2111341506242752, "loss_mask": 0.21269064396619797, "loss_rpn_cls": 0.0697287954390049, "loss_rpn_loc": 0.0203896788880229, "lr": 4.844765475e-06, "mask_rcnn/accuracy": 0.9120758161512028, "mask_rcnn/false_negative": 0.06259894843307781, "mask_rcnn/false_positive": 0.13801248723205767, "rank_data_time": 0.004003450500476902, "roi_head/num_bg_samples": 204.75, "roi_head/num_fg_samples": 51.25, "rpn/num_neg_anchors": 232.75, "rpn/num_pos_anchors": 23.25, "time": 0.17934348100015995, "total_loss": 0.7119488674215972}
{"data_time": 0.004136050999932195, "eta_seconds": 64.90410012014763, "fast_rcnn/cls_accuracy": 0.931640625, "fast_rcnn/false_negative": 0.08385939741750359, "fast_rcnn/fg_cls_accuracy": 0.9142690739662201, "iteration": 39, "loss_box_reg": 0.19344298541545868, "loss_cls": 0.17707734555006027, "loss_mask": 0.1945660337805748, "loss_rpn_cls": 0.05915942043066025, "loss_rpn_loc": 0.019394085742533207, "lr": 9.839265975e-06, "mask_rcnn/accuracy": 0.9182305465289564, "mask_rcnn/false_negative": 0.06240170980658322, "mask_rcnn/false_positive": 0.11312098213527634, "rank_data_time": 0.004136050999932195, "roi_head/num_bg_samples": 209.75, "roi_head/num_fg_samples": 46.25, "rpn/num_neg_anchors": 234.5, "rpn/num_pos_anchors": 21.5, "time": 0.18033380499991836, "total_loss": 0.670698931440711}
{"data_time": 0.003941863500131149, "eta_seconds": 61.077120429836214, "fast_rcnn/cls_accuracy": 0.9228515625, "fast_rcnn/false_negative": 0.10602371789837431, "fast_rcnn/fg_cls_accuracy": 0.8939762821016257, "iteration": 59, "loss_box_reg": 0.22840151190757751, "loss_cls": 0.21191348880529404, "loss_mask": 0.2156428024172783, "loss_rpn_cls": 0.07078314572572708, "loss_rpn_loc": 0.014882962219417095, "lr": 1.4833766474999999e-05, "mask_rcnn/accuracy": 0.910166298662322, "mask_rcnn/false_negative": 0.06950780556053875, "mask_rcnn/false_positive": 0.11705473074142494, "rank_data_time": 0.003941863500131149, "roi_head/num_bg_samples": 209.25, "roi_head/num_fg_samples": 46.75, "rpn/num_neg_anchors": 238.25, "rpn/num_pos_anchors": 17.75, "time": 0.17551793650000036, "total_loss": 0.734629480401054}
{"data_time": 0.0038948749997871346, "eta_seconds": 57.046577440050896, "fast_rcnn/cls_accuracy": 0.94140625, "fast_rcnn/false_negative": 0.10546875, "fast_rcnn/fg_cls_accuracy": 0.89453125, "iteration": 79, "loss_box_reg": 0.20075999945402145, "loss_cls": 0.16389553248882294, "loss_mask": 0.2035173773765564, "loss_rpn_cls": 0.061475202441215515, "loss_rpn_loc": 0.01731749437749386, "lr": 1.9828266975e-05, "mask_rcnn/accuracy": 0.911704868942186, "mask_rcnn/false_negative": 0.06980802253408404, "mask_rcnn/false_positive": 0.1046747418675176, "rank_data_time": 0.0038948749997871346, "roi_head/num_bg_samples": 206.5, "roi_head/num_fg_samples": 49.5, "rpn/num_neg_anchors": 235.75, "rpn/num_pos_anchors": 20.25, "time": 0.1756106705001912, "total_loss": 0.657448124140501}
{"data_time": 0.003880631499669107, "eta_seconds": 53.16795299995647, "fast_rcnn/cls_accuracy": 0.935546875, "fast_rcnn/false_negative": 0.10654761904761906, "fast_rcnn/fg_cls_accuracy": 0.893452380952381, "iteration": 99, "loss_box_reg": 0.23325715214014053, "loss_cls": 0.17800339311361313, "loss_mask": 0.22778573632240295, "loss_rpn_cls": 0.05567018873989582, "loss_rpn_loc": 0.02738871704787016, "lr": 2.4822767475e-05, "mask_rcnn/accuracy": 0.9107023777556136, "mask_rcnn/false_negative": 0.0617373089279374, "mask_rcnn/false_positive": 0.13191370070723415, "rank_data_time": 0.003880631499669107, "roi_head/num_bg_samples": 210.5, "roi_head/num_fg_samples": 45.5, "rpn/num_neg_anchors": 231.25, "rpn/num_pos_anchors": 24.75, "time": 0.17607276249964343, "total_loss": 0.6754774674773216}
{"data_time": 0.003847264499654557, "eta_seconds": 49.71676416002083, "fast_rcnn/cls_accuracy": 0.93359375, "fast_rcnn/false_negative": 0.13893653516295024, "fast_rcnn/fg_cls_accuracy": 0.8610634648370498, "iteration": 119, "loss_box_reg": 0.23162303119897842, "loss_cls": 0.169145368039608, "loss_mask": 0.1989455372095108, "loss_rpn_cls": 0.056402821093797684, "loss_rpn_loc": 0.024324879981577396, "lr": 2.9817267974999998e-05, "mask_rcnn/accuracy": 0.9116106541595914, "mask_rcnn/false_negative": 0.06921570680776123, "mask_rcnn/false_positive": 0.12604359134741394, "rank_data_time": 0.003847264499654557, "roi_head/num_bg_samples": 204.0, "roi_head/num_fg_samples": 52.0, "rpn/num_neg_anchors": 231.5, "rpn/num_pos_anchors": 24.5, "time": 0.1779029004997028, "total_loss": 0.6864935755729675}
{"data_time": 0.004040134999740985, "eta_seconds": 46.15601886996046, "fast_rcnn/cls_accuracy": 0.9228515625, "fast_rcnn/false_negative": 0.1768465909090909, "fast_rcnn/fg_cls_accuracy": 0.8231534090909092, "iteration": 139, "loss_box_reg": 0.2665909230709076, "loss_cls": 0.18853158503770828, "loss_mask": 0.22727351635694504, "loss_rpn_cls": 0.038206109777092934, "loss_rpn_loc": 0.030128630809485912, "lr": 3.4811768474999993e-05, "mask_rcnn/accuracy": 0.9020511436108534, "mask_rcnn/false_negative": 0.0718797218160958, "mask_rcnn/false_positive": 0.13133875318570495, "rank_data_time": 0.004040134999740985, "roi_head/num_bg_samples": 206.0, "roi_head/num_fg_samples": 50.0, "rpn/num_neg_anchors": 227.5, "rpn/num_pos_anchors": 28.5, "time": 0.1771106879996296, "total_loss": 0.7592824101448059}
{"data_time": 0.004092667000350048, "eta_seconds": 42.760862999966776, "fast_rcnn/cls_accuracy": 0.94140625, "fast_rcnn/false_negative": 0.12936761811023623, "fast_rcnn/fg_cls_accuracy": 0.8706323818897638, "iteration": 159, "loss_box_reg": 0.22486694902181625, "loss_cls": 0.18224841356277466, "loss_mask": 0.20799115300178528, "loss_rpn_cls": 0.06085851974785328, "loss_rpn_loc": 0.023780743591487408, "lr": 3.9806268975e-05, "mask_rcnn/accuracy": 0.9134401616583356, "mask_rcnn/false_negative": 0.062322230624312115, "mask_rcnn/false_positive": 0.13380905143374738, "rank_data_time": 0.004092667000350048, "roi_head/num_bg_samples": 202.75, "roi_head/num_fg_samples": 53.25, "rpn/num_neg_anchors": 228.0, "rpn/num_pos_anchors": 28.0, "time": 0.18114062750009907, "total_loss": 0.7005081698298454}
{"data_time": 0.003915569500350102, "eta_seconds": 39.09742573007861, "fast_rcnn/cls_accuracy": 0.9208984375, "fast_rcnn/false_negative": 0.1809017223910841, "fast_rcnn/fg_cls_accuracy": 0.819098277608916, "iteration": 179, "loss_box_reg": 0.2454969733953476, "loss_cls": 0.207818441092968, "loss_mask": 0.2347930371761322, "loss_rpn_cls": 0.04589555971324444, "loss_rpn_loc": 0.02165454626083374, "lr": 4.4800769475e-05, "mask_rcnn/accuracy": 0.9036278968479053, "mask_rcnn/false_negative": 0.06262748274483403, "mask_rcnn/false_positive": 0.1429315399624086, "rank_data_time": 0.003915569500350102, "roi_head/num_bg_samples": 206.0, "roi_head/num_fg_samples": 50.0, "rpn/num_neg_anchors": 228.0, "rpn/num_pos_anchors": 28.0, "time": 0.1738783855003021, "total_loss": 0.7804352231323719}
{"data_time": 0.004031054499591846, "eta_seconds": 35.51519040001949, "fast_rcnn/cls_accuracy": 0.921875, "fast_rcnn/false_negative": 0.16536458333333331, "fast_rcnn/fg_cls_accuracy": 0.8346354166666667, "iteration": 199, "loss_box_reg": 0.26393266022205353, "loss_cls": 0.19956938922405243, "loss_mask": 0.2129538357257843, "loss_rpn_cls": 0.03591674007475376, "loss_rpn_loc": 0.025816697627305984, "lr": 4.9795269975e-05, "mask_rcnn/accuracy": 0.9080045585727403, "mask_rcnn/false_negative": 0.06986899711492883, "mask_rcnn/false_positive": 0.11375828948826822, "rank_data_time": 0.004031054499591846, "roi_head/num_bg_samples": 200.0, "roi_head/num_fg_samples": 56.0, "rpn/num_neg_anchors": 226.5, "rpn/num_pos_anchors": 29.5, "time": 0.17712136049976834, "total_loss": 0.740835789591074}
{"data_time": 0.0038993114999357203,