{"train acc": 0.8775, "train loss": 1.4858837127685547, "test_loss": 1.5479815006256104, "test_acc": 0.7709790209790209, "_timestamp": 1708699451.4719532, "_runtime": 3017.920678138733, "_step": 134}