{"train acc": 0.6525, "train loss": 1.6987427473068237, "test_loss": 1.7150081396102905, "test_acc": 0.6048951048951049, "_timestamp": 1708696949.779681, "_runtime": 516.2284059524536, "_step": 23}