{"train acc": 0.87, "train loss": 1.4862946271896362, "test_loss": 1.5144191980361938, "test_acc": 0.8072552447552448, "_timestamp": 1708699428.295272, "_runtime": 2994.7439970970154, "_step": 133}