{"train acc": 0.91, "train loss": 1.4549497365951538, "test_loss": 1.5263421535491943, "test_acc": 0.7928321678321678, "_timestamp": 1708700952.0919237, "_runtime": 4518.540648698807, "_step": 199, "_wandb": {"runtime": 4517}}