{"train acc": 0.95, "train loss": 1.3309179544448853, "test_loss": 1.4512097835540771, "test_acc": 0.8221153846153846, "_timestamp": 1708679747.4411812, "_runtime": 4318.20507311821, "_step": 199, "_wandb": {"runtime": 4317}}