{"train acc": 0.755, "train loss": 1.584999918937683, "test_loss": 1.5926090478897095, "test_acc": 0.6993006993006993, "_timestamp": 1708699416.9286075, "_runtime": 2215.5564935207367, "_step": 97}