{"train acc": 0.76, "train loss": 1.5832884311676025, "test_loss": 1.5717235803604126, "test_acc": 0.7377622377622378, "_timestamp": 1708699462.8288097, "_runtime": 2261.456695795059, "_step": 99}