{"train acc": 0.8925, "train loss": 1.4790946245193481, "test_loss": 1.476962924003601, "test_acc": 0.8531468531468531, "_timestamp": 1708701724.106295, "_runtime": 4522.734181165695, "_step": 199, "_wandb": {"runtime": 4522}}