{"train acc": 0.9675, "train loss": 1.3292962312698364, "test_loss": 1.4640861749649048, "test_acc": 0.8326048951048951, "_timestamp": 1708686675.6182828, "_runtime": 4370.952517747879, "_step": 199, "_wandb": {"runtime": 4370}}