{"data_time": 0.006497362000004614, "eta_seconds": 144.50540859999592, "fast_rcnn/cls_accuracy": 0.9169921875, "fast_rcnn/false_negative": 0.11170504385964912, "fast_rcnn/fg_cls_accuracy": 0.8882949561403508, "iteration": 19, "loss_box_reg": 0.27078433334827423, "loss_cls": 0.21709150820970535, "loss_rpn_cls": 0.05815817043185234, "loss_rpn_loc": 0.03614964708685875, "lr": 2.374908150389028e-06, "rank_data_time": 0.006497362000004614, "roi_head/num_bg_samples": 96.0, "roi_head/num_fg_samples": 32.0, "rpn/num_neg_anchors": 229.5, "rpn/num_pos_anchors": 26.5, "time": 0.5160907449999854, "total_loss": 0.5758657865226269}
{"data_time": 0.006793120499992256, "eta_seconds": 135.33125670998857, "fast_rcnn/cls_accuracy": 0.927734375, "fast_rcnn/false_negative": 0.07993730407523511, "fast_rcnn/fg_cls_accuracy": 0.9200626959247649, "iteration": 39, "loss_box_reg": 0.21957949548959732, "loss_cls": 0.2068522945046425, "loss_rpn_cls": 0.04809794761240482, "loss_rpn_loc": 0.019102911464869976, "lr": 4.835914573539942e-06, "rank_data_time": 0.006793120499992256, "roi_head/num_bg_samples": 98.25, "roi_head/num_fg_samples": 29.75, "rpn/num_neg_anchors": 235.25, "rpn/num_pos_anchors": 20.75, "time": 0.5235136144999615, "total_loss": 0.4855930102057755}
{"data_time": 0.006932339499996942, "eta_seconds": 124.87443191998864, "fast_rcnn/cls_accuracy": 0.931640625, "fast_rcnn/false_negative": 0.10268392044092978, "fast_rcnn/fg_cls_accuracy": 0.8973160795590702, "iteration": 59, "loss_box_reg": 0.220119871199131, "loss_cls": 0.1879984587430954, "loss_rpn_cls": 0.04246736690402031, "loss_rpn_loc": 0.01890925969928503, "lr": 7.296920996690854e-06, "rank_data_time": 0.006932339499996942, "roi_head/num_bg_samples": 96.5, "roi_head/num_fg_samples": 31.5, "rpn/num_neg_anchors": 234.875, "rpn/num_pos_anchors": 21.125, "time": 0.5197239345000639, "total_loss": 0.48664258094504476}
{"data_time": 0.006558367500019813, "eta_seconds": 114.23876695000558, "fast_rcnn/cls_accuracy": 0.919921875, "fast_rcnn/false_negative": 0.10387859513274336, "fast_rcnn/fg_cls_accuracy": 0.8779761904761905, "iteration": 79, "loss_box_reg": 0.2461802065372467, "loss_cls": 0.2080213725566864, "loss_rpn_cls": 0.059199947863817215, "loss_rpn_loc": 0.02341703698039055, "lr": 9.757927419841768e-06, "rank_data_time": 0.006558367500019813, "roi_head/num_bg_samples": 96.0, "roi_head/num_fg_samples": 32.0, "rpn/num_neg_anchors": 231.0, "rpn/num_pos_anchors": 25.0, "time": 0.5162283164999053, "total_loss": 0.5526338052004576}
{"data_time": 0.006452609999996639, "eta_seconds": 103.80491119999533, "fast_rcnn/cls_accuracy": 0.919921875, "fast_rcnn/false_negative": 0.10546875, "fast_rcnn/fg_cls_accuracy": 0.89453125, "iteration": 99, "loss_box_reg": 0.25110039860010147, "loss_cls": 0.21881188452243805, "loss_rpn_cls": 0.05941351689398289, "loss_rpn_loc": 0.020016655325889587, "lr": 1.2218933842992684e-05, "rank_data_time": 0.006452609999996639, "roi_head/num_bg_samples": 96.0, "roi_head/num_fg_samples": 32.0, "rpn/num_neg_anchors": 231.75, "rpn/num_pos_anchors": 24.25, "time": 0.5179544254999655, "total_loss": 0.5390333239920437}
{"data_time": 0.006713099000023703, "eta_seconds": 93.38810300999171, "fast_rcnn/cls_accuracy": 0.91015625, "fast_rcnn/false_negative": 0.1285999724404024, "fast_rcnn/fg_cls_accuracy": 0.8714000275595977, "iteration": 119, "loss_box_reg": 0.29129229485988617, "loss_cls": 0.2172827124595642, "loss_rpn_cls": 0.05089755915105343, "loss_rpn_loc": 0.022150923497974873, "lr": 1.4679940266143597e-05, "rank_data_time": 0.006713099000023703, "roi_head/num_bg_samples": 96.0, "roi_head/num_fg_samples": 32.0, "rpn/num_neg_anchors": 229.375, "rpn/num_pos_anchors": 26.625, "time": 0.51699363299997, "total_loss": 0.6082624793052673}
{"data_time": 0.006797008000035021, "eta_seconds": 83.11645960000533, "fast_rcnn/cls_accuracy": 0.916015625, "fast_rcnn/false_negative": 0.1171875, "fast_rcnn/fg_cls_accuracy": 0.88140625, "iteration": 139, "loss_box_reg": 0.2671988159418106, "loss_cls": 0.22280395030975342, "loss_rpn_cls": 0.061274079605937004, "loss_rpn_loc": 0.02721317019313574, "lr": 1.714094668929451e-05, "rank_data_time": 0.006797008000035021, "roi_head/num_bg_samples": 96.75, "roi_head/num_fg_samples": 31.25, "rpn/num_neg_anchors": 229.25, "rpn/num_pos_anchors": 26.75, "time": 0.5227370569999721, "total_loss": 0.6033339127898216}
{"data_time": 0.006867998999950942, "eta_seconds": 72.76795526000456, "fast_rcnn/cls_accuracy": 0.9169921875, "fast_rcnn/false_negative": 0.1307911617961511, "fast_rcnn/fg_cls_accuracy": 0.866465064459653, "iteration": 159, "loss_box_reg": 0.23480750620365143, "loss_cls": 0.21771464496850967, "loss_rpn_cls": 0.04801638424396515, "loss_rpn_loc": 0.02178708929568529, "lr": 1.9601953112445424e-05, "rank_data_time": 0.006867998999950942, "roi_head/num_bg_samples": 97.5, "roi_head/num_fg_samples": 30.5, "rpn/num_neg_anchors": 231.125, "rpn/num_pos_anchors": 24.875, "time": 0.5237582574999919, "total_loss": 0.5361854913644493}
