{"data_time": 0.0034586729998409282, "eta_seconds": 88.70061577996239, "fast_rcnn/cls_accuracy": 0.90625, "fast_rcnn/false_negative": 0.078125, "fast_rcnn/fg_cls_accuracy": 0.921875, "iteration": 19, "loss_box_reg": 0.2499072253704071, "loss_cls": 0.23881419748067856, "loss_rpn_cls": 0.04212774336338043, "loss_rpn_loc": 0.018356241285800934, "lr": 1.60675e-05, "rank_data_time": 0.0034586729998409282, "roi_head/num_bg_samples": 97.5, "roi_head/num_fg_samples": 30.5, "rpn/num_neg_anchors": 231.5, "rpn/num_pos_anchors": 24.5, "time": 0.3167879134998657, "total_loss": 0.5505078420974314}
{"data_time": 0.003524858999753633, "eta_seconds": 82.13433254004485, "fast_rcnn/cls_accuracy": 0.91796875, "fast_rcnn/false_negative": 0.1171875, "fast_rcnn/fg_cls_accuracy": 0.875, "iteration": 39, "loss_box_reg": 0.2592077851295471, "loss_cls": 0.2205222025513649, "loss_rpn_cls": 0.05234280228614807, "loss_rpn_loc": 0.0227960217744112, "lr": 3.2717500000000007e-05, "rank_data_time": 0.003524858999753633, "roi_head/num_bg_samples": 96.0, "roi_head/num_fg_samples": 32.0, "rpn/num_neg_anchors": 232.0, "rpn/num_pos_anchors": 24.0, "time": 0.3147336689999065, "total_loss": 0.5612900611013174}
{"data_time": 0.0032879220002541842, "eta_seconds": 74.7010117200989, "fast_rcnn/cls_accuracy": 0.939453125, "fast_rcnn/false_negative": 0.09605532786885246, "fast_rcnn/fg_cls_accuracy": 0.9039446721311475, "iteration": 59, "loss_box_reg": 0.22400178015232086, "loss_cls": 0.15645445883274078, "loss_rpn_cls": 0.038281021639704704, "loss_rpn_loc": 0.014947344549000263, "lr": 4.93675e-05, "rank_data_time": 0.0032879220002541842, "roi_head/num_bg_samples": 96.0, "roi_head/num_fg_samples": 32.0, "rpn/num_neg_anchors": 236.0, "rpn/num_pos_anchors": 20.0, "time": 0.30222805999983393, "total_loss": 0.45419172942638397}
{"data_time": 0.003292740500455693, "eta_seconds": 67.9698692200327, "fast_rcnn/cls_accuracy": 0.90625, "fast_rcnn/false_negative": 0.16790471311475408, "fast_rcnn/fg_cls_accuracy": 0.828125, "iteration": 79, "loss_box_reg": 0.2856714725494385, "loss_cls": 0.2302863523364067, "loss_rpn_cls": 0.05030476115643978, "loss_rpn_loc": 0.020495716482400894, "lr": 6.60175e-05, "rank_data_time": 0.003292740500455693, "roi_head/num_bg_samples": 96.0, "roi_head/num_fg_samples": 32.0, "rpn/num_neg_anchors": 229.25, "rpn/num_pos_anchors": 26.75, "time": 0.30591722349981865, "total_loss": 0.6031100703403354}
{"data_time": 0.003285883499756892, "eta_seconds": 61.5192234999995, "fast_rcnn/cls_accuracy": 0.9296875, "fast_rcnn/false_negative": 0.1228448275862069, "fast_rcnn/fg_cls_accuracy": 0.8771551724137931, "iteration": 99, "loss_box_reg": 0.27919282019138336, "loss_cls": 0.18025214970111847, "loss_rpn_cls": 0.03878534585237503, "loss_rpn_loc": 0.030164675787091255, "lr": 8.266750000000001e-05, "rank_data_time": 0.003285883499756892, "roi_head/num_bg_samples": 96.0, "roi_head/num_fg_samples": 32.0, "rpn/num_neg_anchors": 225.75, "rpn/num_pos_anchors": 30.25, "time": 0.3047473994997745, "total_loss": 0.5572612970136106}
{"data_time": 0.003351310000198282, "eta_seconds": 55.08284165999612, "fast_rcnn/cls_accuracy": 0.9375, "fast_rcnn/false_negative": 0.12600450016072004, "fast_rcnn/fg_cls_accuracy": 0.87399549983928, "iteration": 119, "loss_box_reg": 0.22821127623319626, "loss_cls": 0.16462001204490662, "loss_rpn_cls": 0.04417113959789276, "loss_rpn_loc": 0.028403928503394127, "lr": 9.93175e-05, "rank_data_time": 0.003351310000198282, "roi_head/num_bg_samples": 96.0, "roi_head/num_fg_samples": 32.0, "rpn/num_neg_anchors": 227.25, "rpn/num_pos_anchors": 28.75, "time": 0.3027390805000323, "total_loss": 0.47607760038226843}
{"data_time": 0.0033548469996276253, "eta_seconds": 48.88486424002622, "fast_rcnn/cls_accuracy": 0.9375, "fast_rcnn/false_negative": 0.1298076923076923, "fast_rcnn/fg_cls_accuracy": 0.8701923076923077, "iteration": 139, "loss_box_reg": 0.26220741868019104, "loss_cls": 0.17082581669092178, "loss_rpn_cls": 0.028107402846217155, "loss_rpn_loc": 0.02451286930590868, "lr": 0.0001159675, "rank_data_time": 0.0033548469996276253, "roi_head/num_bg_samples": 96.0, "roi_head/num_fg_samples": 32.0, "rpn/num_neg_anchors": 230.75, "rpn/num_pos_anchors": 25.25, "time": 0.3033900850000464, "total_loss": 0.5130008431151509}
{"data_time": 0.0032402629999523924, "eta_seconds": 42.604166850069305, "fast_rcnn/cls_accuracy": 0.931640625, "fast_rcnn/false_negative": 0.109375, "fast_rcnn/fg_cls_accuracy": 0.890625, "iteration": 159, "loss_box_reg": 0.2379140704870224, "loss_cls": 0.17894385755062103, "loss_rpn_cls": 0.028720231726765633, "loss_rpn_loc": 0.018278145231306553, "lr": 0.0001326175, "rank_data_time": 0.0032402629999523924, "roi_head/num_bg_samples": 96.0, "roi_head/num_fg_samples": 32.0, "rpn/num_neg_anchors": 235.25, "rpn/num_pos_anchors": 20.75, "time": 0.30186751749988616, "total_loss": 0.4853084525093436}
{"data_time": 0.003369599499819742, "eta_seconds": 36.49716407999222, "fast_rcnn/cls_accuracy": 0.939453125, "fast_rcnn/false_negative": 0.13482862903225806, "fast_rcnn/fg_cls_accuracy": 0.8554838709677419, "iteration": 179, "loss_box_reg": 0.2290811464190483, "loss_cls": 0.15295511484146118, "loss_rpn_cls": 0.022531479597091675, "loss_rpn_loc": 0.024298641830682755, "lr": 0.0001492675, "rank_data_time": 0.003369599499819742, "roi_head/num_bg_samples": 96.0, "roi_head/num_fg_samples": 32.0, "rpn/num_neg_anchors": 229.75, "rpn/num_pos_anchors": 26.25, "time": 0.3032377344998167, "total_loss": 0.4542990159243345}
{"data_time": 0.0034073704996444576, "eta_seconds": 30.378460900010396, "fast_rcnn/cls_accuracy": 0.943359375, "fast_rcnn/false_negative": 0.1171875, "fast_rcnn/fg_cls_accuracy": 0.8828125, "iteration": 199, "loss_box_reg": 0.24012325704097748, "loss_cls": 0.1620321422815323, "loss_rpn_cls": 0.025800665840506554, "loss_rpn_loc": 0.024638586677610874, "lr": 0.0001659175, "rank_data_time": 0.0034073704996444576, "roi_head/num_bg_samples": 96.0, "roi_head/num_fg_samples": 32.0, "rpn/num_neg_anchors": 225.75, "rpn/num_pos_anchors": 30.25, "time": 0.302717479000421, "total_loss": 0.4732448048889637}
{"data_time": 0.0033332120001432486, "eta_seconds": 24.282369440006732, "fast_rcnn/cls_accuracy": 0.94140625, "fast_rcnn/false_negative": 0.09375, "fast_rcnn/fg_cls_accuracy": 0.90625, "iteration": 219, "loss_box_reg": 0.26801012456417084, "loss_cls": 0.13472085446119308, "loss_rpn_cls": 0.021826227195560932, "loss_rpn_loc": 0.019256670959293842, "lr": 0.0001825675, "rank_data_time": 0.0033332120001432486, "roi_head/num_bg_samples": 96.0, "roi_head/num_fg_samples": 32.0, "rpn/num_neg_anchors": 231.5, "rpn/num_pos_anchors": 24.5, "time": 0.30208914000013465, "total_loss": 0.486049703322351}
{"data_time": 0.003718523000316054, "eta_seconds": 18.24029669997799, "fast_rcnn/cls_accuracy": 0.9453125, "fast_rcnn/false_negative": 0.1046875, "fast_rcnn/fg_cls_accuracy": 0.8953125, "iteration": 239, "loss_box_reg": 0.24465808272361755, "loss_cls": 0.13813835382461548, "loss_rpn_cls": 0.02663425263017416, "loss_rpn_loc": 0.016293779481202364, "lr": 0.0001992175, "rank_data_time": 0.003718523000316054, "roi_head/num_bg_samples": 96.0, "roi_head/num_fg_samples": 32.0, "rpn/num_neg_anchors": 233.25, "rpn/num_pos_anchors": 22.75, "time": 0.3216141635002714, "total_loss": 0.4262853036634624}
{"data_time": 0.003513497999847459, "eta_seconds": 12.182852499990986, "fast_rcnn/cls_accuracy": 0.94921875, "fast_rcnn/false_negative": 0.1218220338983051, "fast_rcnn/fg_cls_accuracy": 0.8781779661016949, "iteration": 259, "loss_box_reg": 0.2565269023180008, "loss_cls": 0.15348804742097855, "loss_rpn_cls": 0.017348513007164, "loss_rpn_loc": 0.018498691730201244, "lr": 0.0002158675, "rank_data_time": 0.003513497999847459, "roi_head/num_bg_samples": 96.0, "roi_head/num_fg_samples": 32.0, "rpn/num_neg_anchors": 235.25, "rpn/num_pos_anchors": 20.75, "time": 0.31333761449968733, "total_loss": 0.4625105445738882}
{"data_time": 0.0033657019994279835, "eta_seconds": 6.099938409997776,