{"data_time": 0.002856407500075875, "eta_seconds": 145.2053366399923, "fast_rcnn/cls_accuracy": 0.9169921875, "fast_rcnn/false_negative": 0.10759943181818182, "fast_rcnn/fg_cls_accuracy": 0.8924005681818181, "iteration": 19, "loss_box_reg": 0.22469283640384674, "loss_cls": 0.21366184949874878, "loss_rpn_cls": 0.04089102894067764, "loss_rpn_loc": 0.019824852235615253, "lr": 2.66266308e-06, "rank_data_time": 0.002856407500075875, "roi_head/num_bg_samples": 192.0, "roi_head/num_fg_samples": 64.0, "rpn/num_neg_anchors": 229.0, "rpn/num_pos_anchors": 27.0, "time": 0.302511117999984, "total_loss": 0.5193706536665559}
{"data_time": 0.0029434944995045953, "eta_seconds": 139.4929304598918, "fast_rcnn/cls_accuracy": 0.9150390625, "fast_rcnn/false_negative": 0.1046218487394958, "fast_rcnn/fg_cls_accuracy": 0.8945969012605042, "iteration": 39, "loss_box_reg": 0.21941019594669342, "loss_cls": 0.23227259516716003, "loss_rpn_cls": 0.058114491403102875, "loss_rpn_loc": 0.02255893126130104, "lr": 5.39352948e-06, "rank_data_time": 0.0029434944995045953, "roi_head/num_bg_samples": 196.25, "roi_head/num_fg_samples": 59.75, "rpn/num_neg_anchors": 230.75, "rpn/num_pos_anchors": 25.25, "time": 0.30443693300048835, "total_loss": 0.552078764885664}
{"data_time": 0.0030840260001241404, "eta_seconds": 134.02815601973998, "fast_rcnn/cls_accuracy": 0.93359375, "fast_rcnn/false_negative": 0.07361778846153846, "fast_rcnn/fg_cls_accuracy": 0.9263822115384616, "iteration": 59, "loss_box_reg": 0.1999438852071762, "loss_cls": 0.18010727316141129, "loss_rpn_cls": 0.040385402739048004, "loss_rpn_loc": 0.016196741722524166, "lr": 8.124395879999999e-06, "rank_data_time": 0.0030840260001241404, "roi_head/num_bg_samples": 205.25, "roi_head/num_fg_samples": 50.75, "rpn/num_neg_anchors": 233.75, "rpn/num_pos_anchors": 22.25, "time": 0.31480984449945026, "total_loss": 0.45128071354702115}
{"data_time": 0.003084251500240498, "eta_seconds": 129.62915279998015, "fast_rcnn/cls_accuracy": 0.9228515625, "fast_rcnn/false_negative": 0.10259375, "fast_rcnn/fg_cls_accuracy": 0.89740625, "iteration": 79, "loss_box_reg": 0.22182787954807281, "loss_cls": 0.200389102101326, "loss_rpn_cls": 0.04925306513905525, "loss_rpn_loc": 0.010189250111579895, "lr": 1.085526228e-05, "rank_data_time": 0.003084251500240498, "roi_head/num_bg_samples": 202.0, "roi_head/num_fg_samples": 54.0, "rpn/num_neg_anchors": 236.75, "rpn/num_pos_anchors": 19.25, "time": 0.3132459840003321, "total_loss": 0.46514375088736415}
{"data_time": 0.0031557744996462134, "eta_seconds": 124.01171439996688, "fast_rcnn/cls_accuracy": 0.9150390625, "fast_rcnn/false_negative": 0.09131944444444445, "fast_rcnn/fg_cls_accuracy": 0.9086805555555555, "iteration": 99, "loss_box_reg": 0.22068095207214355, "loss_cls": 0.22543064504861832, "loss_rpn_cls": 0.06649603322148323, "loss_rpn_loc": 0.021235086023807526, "lr": 1.358612868e-05, "rank_data_time": 0.0031557744996462134, "roi_head/num_bg_samples": 199.75, "roi_head/num_fg_samples": 56.25, "rpn/num_neg_anchors": 235.5, "rpn/num_pos_anchors": 20.5, "time": 0.3194255735002116, "total_loss": 0.48968467535451055}
{"data_time": 0.0030856265002512373, "eta_seconds": 117.92919202008306, "fast_rcnn/cls_accuracy": 0.91796875, "fast_rcnn/false_negative": 0.109375, "fast_rcnn/fg_cls_accuracy": 0.890625, "iteration": 119, "loss_box_reg": 0.21853455156087875, "loss_cls": 0.21625970304012299, "loss_rpn_cls": 0.03928402625024319, "loss_rpn_loc": 0.01912680361419916, "lr": 1.631699508e-05, "rank_data_time": 0.0030856265002512373, "roi_head/num_bg_samples": 202.0, "roi_head/num_fg_samples": 54.0, "rpn/num_neg_anchors": 231.75, "rpn/num_pos_anchors": 24.25, "time": 0.31220177199975296, "total_loss": 0.515221897047013}
{"data_time": 0.0030892710001353407, "eta_seconds": 112.61521475988047, "fast_rcnn/cls_accuracy": 0.927734375, "fast_rcnn/false_negative": 0.09627366403067338, "fast_rcnn/fg_cls_accuracy": 0.9037263359693266, "iteration": 139, "loss_box_reg": 0.21404513716697693, "loss_cls": 0.19696524739265442, "loss_rpn_cls": 0.05082375928759575, "loss_rpn_loc": 0.015053965151309967, "lr": 1.9047861480000003e-05, "rank_data_time": 0.0030892710001353407, "roi_head/num_bg_samples": 201.75, "roi_head/num_fg_samples": 54.25, "rpn/num_neg_anchors": 231.75, "rpn/num_pos_anchors": 24.25, "time": 0.31839884899954995, "total_loss": 0.5111041106283665}
{"data_time": 0.0029151260000617185, "eta_seconds": 105.82664509006463, "fast_rcnn/cls_accuracy": 0.91796875, "fast_rcnn/false_negative": 0.11981823979591837, "fast_rcnn/fg_cls_accuracy": 0.8801817602040816, "iteration": 159, "loss_box_reg": 0.24760666489601135, "loss_cls": 0.22242741286754608, "loss_rpn_cls": 0.056522516533732414, "loss_rpn_loc": 0.0277581624686718, "lr": 2.177872788e-05, "rank_data_time": 0.0029151260000617185, "roi_head/num_bg_samples": 198.75, "roi_head/num_fg_samples": 57.25, "rpn/num_neg_anchors": 228.0, "rpn/num_pos_anchors": 28.0, "time": 0.3037361499996223, "total_loss": 0.5191063042730093}
{"data_time": 0.0032465834997310594, "eta_seconds": 99.81372368012671, "fast_rcnn/cls_accuracy": 0.9443359375, "fast_rcnn/false_negative": 0.1090988005050505, "fast_rcnn/fg_cls_accuracy": 0.8909011994949495, "iteration": 179, "loss_box_reg": 0.22891709208488464, "loss_cls": 0.1605369970202446, "loss_rpn_cls": 0.031929243355989456, "loss_rpn_loc": 0.017427843064069748, "lr": 2.450959428e-05, "rank_data_time": 0.0032465834997310594, "roi_head/num_bg_samples": 192.25, "roi_head/num_fg_samples": 63.75, "rpn/num_neg_anchors": 232.0, "rpn/num_pos_anchors": 24.0, "time": 0.3164633245000914, "total_loss": 0.45251350197941065}
{"data_time": 0.003050375999919197, "eta_seconds": 93.48950759999752, "fast_rcnn/cls_accuracy": 0.92578125, "fast_rcnn/false_negative": 0.1343674150485437, "fast_rcnn/fg_cls_accuracy": 0.8617263349514563, "iteration": 199, "loss_box_reg": 0.2353660613298416, "loss_cls": 0.19445062428712845, "loss_rpn_cls": 0.043320631608366966, "loss_rpn_loc": 0.020921748131513596, "lr": 2.724046068e-05, "rank_data_time": 0.003050375999919197, "roi_head/num_bg_samples": 198.0, "roi_head/num_fg_samples": 58.0, "rpn/num_neg_anchors": 232.25, "rpn/num_pos_anchors": 23.75, "time": 0.31012493849993916, "total_loss": 0.48922784719616175}
{"data_time": 0.003033026000139216, "eta_seconds": 87.1229711801061, "fast_rcnn/cls_accuracy": 0.9248046875, "fast_rcnn/false_negative": 0.14738948170731708, "fast_rcnn/fg_cls_accuracy": 0.8515625, "iteration": 219, "loss_box_reg": 0.2518865242600441, "loss_cls": 0.20960886776447296, "loss_rpn_cls": 0.04052049666643143, "loss_rpn_loc": 0.029950635507702827, "lr": 2.997132708e-05, "rank_data_time": 0.003033026000139216, "roi_head/num_bg_samples": 195.25, "roi_head/num_fg_samples": 60.75, "rpn/num_neg_anchors": 225.5, "rpn/num_pos_anchors": 30.5, "time": 0.30433124499995756, "total_loss": 0.5175113342702389}
{"data_time": 0.003006258999903366, "eta_seconds": 80.65153966993421, "fast_rcnn/cls_accuracy": 0.9287109375, "fast_rcnn/false_negative": 0.15234375, "fast_rcnn/fg_cls_accuracy": 0.84765625, "iteration": 239, "loss_box_reg": 0.21094857156276703, "loss_cls": 0.2013954147696495, "loss_rpn_cls": 0.028246006928384304, "loss_rpn_loc": 0.017141002230346203, "lr": 3.270219348e-05, "rank_data_time": 0.003006258999903366, "roi_head/num_bg_samples": 194.75, "roi_head/num_fg_samples": 61.25, "rpn/num_neg_anchors": 229.5, "rpn/num_pos_anchors": 26.5, "time": 0.30479432049969546, "total_loss": 0.4613902559503913}
{"data_time": 0.0029880345000492525, "eta_seconds": 74.44757507993927, "fast_rcnn/cls_accuracy": 0.9296875, "fast_rcnn/false_negative": 0.14174107142857142, "fast_rcnn/fg_cls_accuracy": 0.8582589285714286, "iteration": 259, "loss_box_reg": 0.23217184841632843, "loss_cls": 0.16606668382883072, "loss_rpn_cls": 0.026703224517405033, "loss_rpn_loc": 0.01808561012148857, "lr": 3.543305988e-05, "rank_data_time": 0.0029880345000492525, "roi_head/num_bg_samples": 200.0, "roi_head/num_fg_samples": 56.0, "rpn/num_neg_anchors": 231.0,