{"train acc": 0.415, "train loss": 1.9146190881729126, "test_loss": 1.911590576171875, "test_acc": 0.3986013986013986, "_timestamp": 1708733188.8851, "_runtime": 813.5940549373627, "_step": 35}