{"train acc": 0.8575, "train loss": 1.4299390316009521, "test_loss": 1.4695894718170166, "test_acc": 0.8085664335664335, "_timestamp": 1708675311.6910253, "_runtime": 1711.4682052135468, "_step": 77, "_wandb": {"runtime": 1717}}