{"train acc": 0.3375, "train loss": 1.9399747848510742, "test_loss": 1.9024896621704102, "test_acc": 0.3723776223776224, "_timestamp": 1708765919.2821603, "_runtime": 4375.708171367645, "_step": 199, "_wandb": {"runtime": 4375}}