{"train acc": 0.9725, "train loss": 1.3205761909484863, "test_loss": 1.4746589660644531, "test_acc": 0.8006993006993007, "_timestamp": 1708607659.816415, "_runtime": 4425.384139060974, "_step": 199, "_wandb": {"runtime": 4424}}